{"mean_age":7.192277501009418e-17,"median_fare":-0.3638643201778166,"gender_distribution":{"0":0.6440030557677616,"1":0.3559969442322384}}