{"PassengerId":{"count":1309,"mean":655,"std":378.0200611960517,"min":1,"25%":328,"50%":655,"75%":982,"max":1309},"Age":{"count":1309,"mean":7.192277501009418e-17,"std":1,"min":-2.2729669736595186,"25%":-0.58140610306347,"50%":-0.11647869932658066,"75%":0.4259366050331235,"max":3.912892133059793},"Fare":{"count":1309,"mean":-2.442660283361689e-17,"std":1,"min":-0.6432184182411227,"25%":-0.4906175072610441,"50%":-0.3638643201778166,"75%":-0.038771308271017324,"max":9.258489153087291},"Sex":{"count":1309,"mean":0.3559969442322384,"std":0.4789972834413281,"min":0,"25%":0,"50%":0,"75%":1,"max":1},"sibsp":{"count":1309,"mean":0.4988540870893812,"std":1.041658390596102,"min":0,"25%":0,"50%":0,"75%":1,"max":8},"Parch":{"count":1309,"mean":0.3850267379679144,"std":0.8655602753495147,"min":0,"25%":0,"50%":0,"75%":0,"max":9},"Pclass":{"count":1309,"mean":2.294881588999236,"std":0.8378360189701275,"min":1,"25%":2,"50%":3,"75%":3,"max":3},"Embarked":{"count":1307,"mean":1.4927314460596786,"std":0.8146255675254312,"min":0,"25%":1,"50%":2,"75%":2,"max":2},"Survived":{"count":1309,"mean":0.2612681436210848,"std":0.4394936401080275,"min":0,"25%":0,"50%":0,"75%":1,"max":1}}